<?xml version = "1.0" encoding = "utf-8"?>
<!DOCTYPE hibernate-configuration PUBLIC 
"-//Hibernate/Hibernate Configuration DTD 3.0//EN"
"http://www.hibernate.org/dtd/hibernate-configuration-3.0.dtd">
<hibernate-configuration>
   <session-factory>
  	  <property name = "hibernate.hbm2ddl.auto">create</property>
  	  <property name = "hibernate.connection.driver_class">com.mysql.jdbc.Driver</property>
  	  <property name = "hibernate.connection.url">jdbc:mysql://localhost:3306/hibernate</property>
      <property name = "hibernate.connection.username">root</property>
      <property name = "hibernate.connection.password">Mysqlwork@6</property>
      <property name = "hibernate.dialect">org.hibernate.dialect.MySQL5Dialect</property>
      <property name = "show_sql">true</property>
      <!-- List of XML mapping files -->
      <mapping class = "com.wipro.database.Employee"/>
      
   </session-factory>
</hibernate-configuration>